{"cameraMode":{"drawMode":0,"name":"Shaded","section":"Shading Mode"},"sceneLighting":true,"audioPlay":false,"sceneViewState":{"showFog":true,"showMaterialUpdate":false,"showSkybox":true,"showFlares":true,"showImageEffects":true,"showParticleSystems":true},"in2DMode":false,"pivot":{"x":-392.37384033203127,"y":42.47084045410156,"z":-33.89573287963867},"rotation":{"x":0.0134879807010293,"y":-0.04675724729895592,"z":-0.0005776245961897075,"w":-0.9988648295402527},"size":0.8727399110794067,"orthographic":false}